{"observed": [-0.13, -0.08, -0.08, -0.15, -0.21, -0.23, -0.21, -0.26, -0.15, -0.11, -0.33, -0.26, -0.31, -0.32, -0.28, -0.22, -0.09, -0.12, -0.26, -0.12, -0.07, -0.14, -0.25, -0.34, -0.42, -0.29, -0.22, -0.37, -0.44, -0.43, -0.38, -0.44, -0.33, -0.32, -0.14, -0.07, -0.29, -0.32, -0.21, -0.2, -0.21, -0.15, -0.23, -0.22, -0.25, -0.15, -0.06, -0.15, -0.17, -0.3, -0.1, -0.07, -0.12, -0.25, -0.11, -0.14, -0.11, -0.02, -0.03, -0.01, 0.09, 0.2, 0.15, 0.16, 0.29, 0.17, -0.0, -0.05, -0.05, -0.06, -0.16, -0.01, 0.03, 0.1, -0.11, -0.13, -0.2, 0.05, 0.11, 0.06, 0.02, 0.08, 0.09, 0.11, -0.15, -0.08, -0.02, -0.01, -0.03, 0.09, 0.04, -0.08, 0.03, 0.16, -0.07, 0.0, -0.08, 0.2, 0.11, 0.23, 0.26, 0.3, 0.18, 0.34, 0.15, 0.13, 0.23, 0.37, 0.38, 0.3, 0.43, 0.4, 0.25, 0.28, 0.34, 0.46, 0.32, 0.52, 0.63, 0.44, 0.43, 0.55, 0.6, 0.61, 0.58, 0.66, 0.62, 0.61, 0.54, 0.64, 0.7, 0.58, 0.63], "domain": [1880, 2012], "data": {"orbital": {"data": [0.0007180800000000001, 0.0007281075, 0.000730245, 0.00073935, 0.0007503149999999999, 0.0007557675, 0.000754875, 0.0007642725, 0.00077961, 0.0007900125, 0.0007919399999999999, 0.0007998675000000001, 0.0008103075, 0.00081825, 0.0008281725, 0.0008365124999999999, 0.000839565, 0.0008412599999999999, 0.0008514375, 0.0008660924999999999, 0.0008724224999999999, 0.0008782125, 0.0008809575, 0.0008921399999999999, 0.0008993625, 0.0009091800000000001, 0.0009178725, 0.000924315, 0.0009305925, 0.0009398175000000001, 0.0009453075, 0.0009497549999999999, 0.0009607349999999999, 0.0009652575000000001, 0.0009705450000000001, 0.00098268, 0.000989565, 0.001001055, 0.00100125, 0.0010157550000000001, 0.0010225575, 0.0010306199999999999, 0.001033125, 0.0010437150000000002, 0.0010500750000000001, 0.0010594275, 0.0010637925, 0.00107316, 0.0010796775, 0.001087155, 0.001097505, 0.0011063700000000002, 0.0011078174999999998, 0.0011204625, 0.0011250225, 0.0011343075, 0.00114042, 0.0011456475, 0.001156605, 0.0011576625, 0.0011728875, 0.0011818125, 0.0011835675000000001, 0.0012023625, 0.0011937825000000002, 0.001203525, 0.00121419, 0.00122229, 0.0012351600000000001, 0.0012372375, 0.0012452700000000001, 0.001251135, 0.0012605325, 0.0012679574999999998, 0.0012720375, 0.0012858075, 0.0012887699999999998, 0.001302435, 0.0013048425, 0.0013183725, 0.00131733, 0.00132453, 0.0013370325, 0.0013488525, 0.0013503299999999998, 0.0013507275, 0.0013659225, 0.001375275, 0.001384335, 0.001383525, 0.001392495, 0.00140007, 0.0014094525, 0.0014183400000000001, 0.00142101, 0.001429785, 0.0014385225, 0.00144582, 0.0014538, 0.0014661975, 0.00146751, 0.001471665, 0.0014806575, 0.0014898749999999999, 0.0014992125000000002, 0.0015015675000000003, 0.001512375, 0.00151842, 0.0015267750000000002, 0.0015352125, 0.0015447, 0.001546965, 0.0015596174999999999, 0.0015660375000000001, 0.0015705825000000002, 0.0015780825000000001, 0.0015859875, 0.0015930824999999997, 0.0016017899999999999, 0.001607775, 0.00161034, 0.00162525, 0.0016300125, 0.0016412549999999999, 0.00164469, 0.00165117, 0.0016596824999999997, 0.0016659300000000001, 0.0016758525, 0.00168063, 0.0016902075000000002, 0.0016959525, 0.0017079]}, "aerosols": {"data": [-3.7297275000000003e-06, -3.7297275000000003e-06, -3.7297275000000003e-06, -3.7297275000000003e-06, -3.7297275000000003e-06, -3.7297275000000003e-06, -3.7297275000000003e-06, -3.7297275000000003e-06, -3.7297275000000003e-06, -3.7297275000000003e-06, -7.4205150000000006e-06, -0.0033351375, -0.008724675, -0.013349175, -0.016075725, -0.021015449999999998, -0.024012825, -0.027578925000000004, -0.031675125, -0.034808025, -0.037921724999999996, -0.04256145, -0.047116500000000006, -0.0518121, -0.056126625, -0.061253774999999996, -0.0649971, -0.07054627499999999, -0.0735252, -0.079608, -0.08442975, -0.08458575, -0.08258700000000001, -0.08263875000000001, -0.08219025, -0.0832965, -0.08255625, -0.08315175, -0.08294850000000001, -0.08379525, -0.08295, -0.08740500000000001, -0.08991375, -0.09155325, -0.091761, -0.095718, -0.09808875, -0.10279649999999999, -0.10577399999999999, -0.10964625, -0.11302275, -0.11609250000000002, -0.11796974999999998, -0.11946825, -0.12010725, -0.12025125, -0.12330374999999999, -0.12466275, -0.1266315, -0.127281, -0.131304, -0.13331775, -0.138543, -0.14386725, -0.1495125, -0.155115, -0.16029675, -0.16410975, -0.1692465, -0.174564, -0.179991, -0.18681, -0.194295, -0.20092125, -0.20889525000000003, -0.21753825, -0.22532999999999997, -0.2336745, -0.24109949999999997, -0.24498599999999998, -0.25119975, -0.25931325, -0.26727225, -0.27543225, -0.28257225, -0.289611, -0.2963325, -0.30421125, -0.31060725, -0.3174735, -0.32497725, -0.33588525, -0.347493, -0.35747474999999995, -0.36703275, -0.37403925000000005, -0.382233, -0.39291, -0.40148324999999996, -0.40899074999999996, -0.418137, -0.429072, -0.4397175, -0.452847, -0.4633695, -0.472824, -0.48229275, -0.49289175, -0.5020687500000001, -0.5103495, -0.51824625, -0.518883, -0.52174275, -0.5223705, -0.52239375, -0.5233635000000001, -0.52251225, -0.52243575, -0.5220929999999999, -0.5219895, -0.52331325, -0.52303875, -0.52303875, -0.52303875, -0.52303875, -0.52303875, -0.52303875, -0.52303875, -0.52303875, -0.52303875, -0.52303875, -0.52303875, -0.52303875]}, "volcanic": {"data": [0.0499785, 0.05809995, 0.036035174999999996, -1.0277325, -2.7040875, -1.0261425, -0.6119025, -0.6067965, -0.36713474999999995, -0.48089925, -0.657918, -0.45614099999999996, -0.317643, -0.093252, 0.0074270325, 0.039406575, -0.25849875, -0.26249999999999996, -0.154962, -0.01589295, 0.03644835, 0.053877900000000006, -0.40011825, -1.2777375000000002, -0.4913715, -0.15067124999999998, -0.062834925, -0.10100100000000001, -0.09456300000000001, 0.00371037, 0.015790949999999998, 0.041210925, -0.29635425000000004, -0.36686325, -0.10960199999999999, -0.00246525, 0.016173, 0.027258075, 0.03223905, 0.030707325, -0.1187415, -0.07356847500000001, 0.015431325, 0.04643835, 0.0013387124999999999, 0.013505475, 0.0228021, 0.04078245, -0.039448425, -0.12200175, -0.0481197, -0.0213828, -0.09322949999999999, -0.056016449999999995, -0.004313025, -0.01095615, 0.007884675, 0.01684665, -0.02450775, -0.008416575, 0.007878300000000001, 0.032634375, -0.01141095, -0.009327525, 0.02653545, 0.0288594, 0.0355125, 0.024859350000000002, 0.038768250000000004, 0.0054946349999999995, 0.015379275000000001, 0.030803025, 0.00156303, 0.00474699, 0.004314435, 0.036471825, 0.049170225, 0.060183, 0.0643392, 0.0658479, -0.025747725, -0.1493355, -0.20374425, -0.912045, -1.3647, -0.74425875, -0.35781074999999996, -0.20879775, -0.46914, -0.57186375, -0.23762624999999998, -0.053434274999999996, -0.00888195, -0.0857685, -0.186495, -0.50169675, -0.18623775, -0.026959425000000002, -0.08590049999999999, -0.10263449999999999, -0.022124175000000003, -0.028380825000000002, -1.0230525, -1.3212825000000001, -0.45193425, -0.15528975, -0.1752225, -0.11272349999999999, -0.061254525000000004, -0.034114575, -0.0359448, -1.1386725, -2.1969825, -0.7888124999999999, -0.270915, -0.10000799999999999, -0.048551325000000006, -0.0243153, 0.021752175000000002, 0.051046799999999996, 0.0658479, 0.0658479, 0.03320805, -0.055688775, 0.022420350000000002, -0.074805525, -0.0194568, 0.024639299999999996, 0.04480665, 0.030469275, 0.061131, 0.06616785, 0.06616785]},